Category Name,Category Link
"Thuốc dị ứng
138 sản phẩm",https://nhathuoclongchau.com.vn/thuoc/thuoc-di-ung
"Thuốc giải độc, khử độc và hỗ trợ cai nghiện
7 sản phẩm",https://nhathuoclongchau.com.vn/thuoc/thuoc-giai-doc-khu-doc-va-ho-tro-cai-nghien
"Thuốc da liễu
286 sản phẩm",https://nhathuoclongchau.com.vn/thuoc/thuoc-da-lieu
"Miếng dán, cao xoa, dầu
53 sản phẩm",https://nhathuoclongchau.com.vn/thuoc/mieng-dan-cao-xoa-dau
"Cơ - xương - khớp
176 sản phẩm",https://nhathuoclongchau.com.vn/thuoc/co-xuong-khop
"Thuốc bổ & vitamin
282 sản phẩm",https://nhathuoclongchau.com.vn/thuoc/thuoc-bo-and-vitamin
"Thuốc ung thư
148 sản phẩm",https://nhathuoclongchau.com.vn/thuoc/thuoc-dieu-tri-ung-thu
"Thuốc giảm đau, hạ sốt, kháng viêm
383 sản phẩm",https://nhathuoclongchau.com.vn/thuoc/thuoc-giam-dau-ha-sot-khang-viem
"Thuốc hô hấp
310 sản phẩm",https://nhathuoclongchau.com.vn/thuoc/thuoc-ho-hap
"Thuốc kháng sinh, kháng nấm
561 sản phẩm",https://nhathuoclongchau.com.vn/thuoc/thuoc-khang-sinh-khang-nam
"Thuốc Mắt, Tai, Mũi, Họng
224 sản phẩm",https://nhathuoclongchau.com.vn/thuoc/thuoc-mat-tai-mui-hong
"Thuốc hệ thần kinh
316 sản phẩm",https://nhathuoclongchau.com.vn/thuoc/thuoc-than-kinh
"Thuốc tiêm chích & dịch truyền
144 sản phẩm",https://nhathuoclongchau.com.vn/thuoc/thuoc-tiem-chich-and-dich-truyen
"Thuốc tiêu hoá & gan mật
647 sản phẩm",https://nhathuoclongchau.com.vn/thuoc/thuoc-tieu-hoa-and-gan-mat
"Thuốc tim mạch & máu
856 sản phẩm",https://nhathuoclongchau.com.vn/thuoc/thuoc-tim-mach-and-mau
"Thuốc tiết niệu - sinh dục
248 sản phẩm",https://nhathuoclongchau.com.vn/thuoc/thuoc-tiet-nieu-sinh-duc
"Thuốc tê bôi
1 sản phẩm",https://nhathuoclongchau.com.vn/thuoc/thuoc-te-boi
"Thuốc trị tiểu đường
183 sản phẩm",https://nhathuoclongchau.com.vn/thuoc/thuoc-tri-tieu-duong
